﻿<?xml version="1.0" encoding="utf-8"?>
<Project ToolsVersion="14.0" xmlns="http://schemas.microsoft.com/developer/msbuild/2003">
  <PropertyGroup>
    <IncludeCompositeObjects>True</IncludeCompositeObjects>
    <TargetDatabaseName>TestDataBase</TargetDatabaseName>
    <DeployScriptFileName>TestDataBase.sql</DeployScriptFileName>
    <TargetConnectionString>Data Source=TIGER\MSSQLSERVER2014;Integrated Security=True;Pooling=False</TargetConnectionString>
    <ProfileVersionNumber>1</ProfileVersionNumber>
  </PropertyGroup>
</Project>